{"cameraMode":{"drawMode":0,"name":"Shaded","section":"Shading Mode"},"sceneLighting":false,"audioPlay":false,"sceneViewState":{"showFog":true,"showMaterialUpdate":false,"showSkybox":false,"showFlares":true,"showImageEffects":true,"showParticleSystems":true},"in2DMode":false,"pivot":{"x":3.140695095062256,"y":0.578432559967041,"z":7.674112319946289},"rotation":{"x":-0.12531425058841706,"y":0.8169760704040527,"z":-0.19371242821216584,"w":-0.5285090804100037},"size":0.9583987593650818,"orthographic":false}